
[{
 "name": "fold_fhuf_e_coli_template_hit_0_chains_a.cif",
 "queryIndices": [
  81,
  77,
  86,
  98,
  74,
  72,
  96,
  84,
  79,
  83,
  92,
  91,
  71,
  69,
  89,
  94,
  75,
  87,
  99,
  76,
  80,
  100,
  82,
  78,
  97,
  85,
  73,
  70,
  90,
  93,
  95,
  88,
  68
 ],
 "templateIndices": [
  289,
  285,
  294,
  306,
  282,
  280,
  304,
  292,
  287,
  291,
  300,
  299,
  279,
  277,
  297,
  302,
  283,
  295,
  307,
  284,
  288,
  308,
  290,
  286,
  305,
  293,
  281,
  278,
  298,
  301,
  303,
  296,
  276
 ]
}
,{
 "name": "fold_fhuf_e_coli_template_hit_1_chains_a.cif",
 "queryIndices": [
  145,
  115,
  111,
  141,
  150,
  116,
  104,
  138,
  94,
  160,
  167,
  156,
  126,
  98,
  128,
  155,
  121,
  101,
  135,
  173,
  170,
  139,
  105,
  117,
  151,
  140,
  110,
  114,
  144,
  166,
  161,
  95,
  134,
  100,
  120,
  154,
  129,
  99,
  127,
  157,
  171,
  172,
  165,
  162,
  106,
  136,
  148,
  118,
  109,
  143,
  147,
  113,
  168,
  103,
  133,
  153,
  123,
  96,
  158,
  124,
  164,
  112,
  146,
  142,
  108,
  119,
  149,
  137,
  107,
  169,
  125,
  159,
  131,
  97,
  122,
  152,
  132,
  102
 ],
 "templateIndices": [
  447,
  418,
  414,
  443,
  452,
  419,
  407,
  440,
  397,
  462,
  468,
  458,
  429,
  401,
  431,
  457,
  424,
  404,
  437,
  474,
  471,
  441,
  408,
  420,
  453,
  442,
  413,
  417,
  446,
  467,
  463,
  398,
  436,
  403,
  423,
  456,
  432,
  402,
  430,
  459,
  472,
  473,
  466,
  464,
  409,
  438,
  450,
  421,
  412,
  445,
  449,
  416,
  469,
  406,
  435,
  455,
  426,
  399,
  460,
  427,
  465,
  415,
  448,
  444,
  411,
  422,
  451,
  439,
  410,
  470,
  428,
  461,
  433,
  400,
  425,
  454,
  434,
  405
 ]
}
,{
 "name": "fold_fhuf_e_coli_template_hit_2_chains_a.cif",
 "queryIndices": [
  81,
  101,
  77,
  98,
  86,
  74,
  72,
  96,
  79,
  103,
  83,
  104,
  92,
  64,
  91,
  71,
  69,
  89,
  66,
  94,
  106,
  75,
  99,
  87,
  76,
  80,
  100,
  82,
  102,
  78,
  97,
  85,
  73,
  70,
  90,
  65,
  93,
  105,
  95,
  67,
  88,
  68
 ],
 "templateIndices": [
  523,
  542,
  519,
  539,
  527,
  516,
  514,
  537,
  521,
  544,
  525,
  545,
  533,
  506,
  532,
  513,
  511,
  530,
  508,
  535,
  547,
  517,
  540,
  528,
  518,
  522,
  541,
  524,
  543,
  520,
  538,
  526,
  515,
  512,
  531,
  507,
  534,
  546,
  536,
  509,
  529,
  510
 ]
}
,{
 "name": "fold_fhuf_e_coli_template_hit_3_chains_a.cif",
 "queryIndices": [
  135,
  155,
  121,
  128,
  156,
  126,
  158,
  124,
  130,
  153,
  123,
  133,
  138,
  162,
  150,
  116,
  141,
  145,
  147,
  143,
  148,
  160,
  118,
  136,
  127,
  157,
  129,
  120,
  154,
  134,
  132,
  122,
  152,
  131,
  125,
  159,
  144,
  140,
  117,
  151,
  139,
  137,
  119,
  149,
  161,
  142,
  146
 ],
 "templateIndices": [
  48,
  68,
  34,
  41,
  69,
  39,
  71,
  37,
  43,
  66,
  36,
  46,
  51,
  75,
  63,
  29,
  54,
  58,
  60,
  56,
  61,
  73,
  31,
  49,
  40,
  70,
  42,
  33,
  67,
  47,
  45,
  35,
  65,
  44,
  38,
  72,
  57,
  53,
  30,
  64,
  52,
  50,
  32,
  62,
  74,
  55,
  59
 ]
}
]
