
[{
 "name": "fold_blast_fhuf_kp_template_hit_0_chains_a.cif",
 "queryIndices": [
  170,
  182,
  173,
  177,
  179,
  175,
  180,
  168,
  167,
  187,
  188,
  190,
  193,
  185,
  176,
  172,
  183,
  171,
  169,
  181,
  174,
  178,
  189,
  186,
  166,
  184,
  192,
  191
 ],
 "templateIndices": [
  9,
  21,
  12,
  16,
  18,
  14,
  19,
  7,
  6,
  26,
  27,
  29,
  32,
  24,
  15,
  11,
  22,
  10,
  8,
  20,
  13,
  17,
  28,
  25,
  5,
  23,
  31,
  30
 ]
}
,{
 "name": "fold_blast_fhuf_kp_template_hit_1_chains_a.cif",
 "queryIndices": [
  72,
  84,
  96,
  79,
  83,
  81,
  77,
  86,
  98,
  74,
  69,
  89,
  94,
  92,
  91,
  71,
  82,
  78,
  97,
  85,
  73,
  75,
  99,
  87,
  76,
  100,
  80,
  95,
  88,
  68,
  70,
  90,
  93
 ],
 "templateIndices": [
  280,
  292,
  304,
  287,
  291,
  289,
  285,
  294,
  306,
  282,
  277,
  297,
  302,
  300,
  299,
  279,
  290,
  286,
  305,
  293,
  281,
  283,
  307,
  295,
  284,
  308,
  288,
  303,
  296,
  276,
  278,
  298,
  301
 ]
}
,{
 "name": "fold_blast_fhuf_kp_template_hit_2_chains_a.cif",
 "queryIndices": [
  146,
  112,
  108,
  142,
  149,
  119,
  107,
  137,
  164,
  159,
  125,
  97,
  131,
  152,
  122,
  102,
  132,
  169,
  136,
  106,
  118,
  148,
  143,
  109,
  113,
  147,
  165,
  162,
  133,
  103,
  123,
  153,
  96,
  124,
  158,
  168,
  166,
  161,
  95,
  105,
  139,
  151,
  117,
  110,
  140,
  144,
  114,
  171,
  172,
  100,
  134,
  154,
  120,
  99,
  129,
  157,
  127,
  94,
  160,
  167,
  115,
  145,
  141,
  111,
  116,
  150,
  138,
  104,
  173,
  170,
  126,
  156,
  128,
  98,
  121,
  155,
  135,
  101
 ],
 "templateIndices": [
  448,
  415,
  411,
  444,
  451,
  422,
  410,
  439,
  465,
  461,
  428,
  400,
  433,
  454,
  425,
  405,
  434,
  470,
  438,
  409,
  421,
  450,
  445,
  412,
  416,
  449,
  466,
  464,
  435,
  406,
  426,
  455,
  399,
  427,
  460,
  469,
  467,
  463,
  398,
  408,
  441,
  453,
  420,
  413,
  442,
  446,
  417,
  472,
  473,
  403,
  436,
  456,
  423,
  402,
  432,
  459,
  430,
  397,
  462,
  468,
  418,
  447,
  443,
  414,
  419,
  452,
  440,
  407,
  474,
  471,
  429,
  458,
  431,
  401,
  424,
  457,
  437,
  404
 ]
}
,{
 "name": "fold_blast_fhuf_kp_template_hit_3_chains_a.cif",
 "queryIndices": [
  72,
  96,
  79,
  83,
  103,
  81,
  101,
  77,
  86,
  98,
  74,
  69,
  89,
  66,
  106,
  94,
  104,
  92,
  64,
  63,
  91,
  71,
  102,
  82,
  78,
  85,
  97,
  73,
  75,
  87,
  99,
  76,
  100,
  80,
  95,
  107,
  67,
  88,
  108,
  68,
  70,
  90,
  65,
  93,
  105
 ],
 "templateIndices": [
  514,
  537,
  521,
  525,
  544,
  523,
  542,
  519,
  527,
  539,
  516,
  511,
  530,
  508,
  547,
  535,
  545,
  533,
  506,
  505,
  532,
  513,
  543,
  524,
  520,
  526,
  538,
  515,
  517,
  528,
  540,
  518,
  541,
  522,
  536,
  548,
  509,
  529,
  549,
  510,
  512,
  531,
  507,
  534,
  546
 ]
}
]
