{
  "aggregate_score": 0.7844972610473633,
  "ptm": 0.9295287132263184,
  "iptm": 0.7482393980026245,
  "per_chain_ptm": [
    [
      0.923365592956543,
      0.6949317455291748,
      0.0
    ]
  ],
  "per_chain_pair_iptm": [
    [
      [
        0.923365592956543,
        0.7369722723960876,
        0.13401612639427185
      ],
      [
        0.5892337560653687,
        0.6949317455291748,
        0.25553271174430847
      ],
      [
        0.0,
        0.0,
        0.0
      ]
    ]
  ],
  "has_inter_chain_clashes": false,
  "chain_chain_clashes": [
    [
      [
        0,
        0,
        0
      ],
      [
        0,
        0,
        0
      ],
      [
        0,
        0,
        0
      ]
    ]
  ]
}