{
  "aggregate_score": 0.5499212741851807,
  "ptm": 0.9087571501731873,
  "iptm": 0.4602123498916626,
  "per_chain_ptm": [
    [
      0.9237415790557861,
      0.6273633241653442,
      0.0
    ]
  ],
  "per_chain_pair_iptm": [
    [
      [
        0.9237415790557861,
        0.44248467683792114,
        0.10197770595550537
      ],
      [
        0.40989136695861816,
        0.6273633241653442,
        0.2221272736787796
      ],
      [
        0.0,
        0.0,
        0.0
      ]
    ]
  ],
  "has_inter_chain_clashes": false,
  "chain_chain_clashes": [
    [
      [
        0,
        0,
        0
      ],
      [
        0,
        0,
        0
      ],
      [
        0,
        0,
        0
      ]
    ]
  ]
}