{
  "aggregate_score": 0.5467042922973633,
  "ptm": 0.9061917662620544,
  "iptm": 0.4568324685096741,
  "per_chain_ptm": [
    [
      0.9210803508758545,
      0.6266973614692688,
      0.0
    ]
  ],
  "per_chain_pair_iptm": [
    [
      [
        0.9210803508758545,
        0.43928271532058716,
        0.09835071861743927
      ],
      [
        0.41342562437057495,
        0.6266973614692688,
        0.22293701767921448
      ],
      [
        0.0,
        0.0,
        0.0
      ]
    ]
  ],
  "has_inter_chain_clashes": false,
  "chain_chain_clashes": [
    [
      [
        0,
        0,
        0
      ],
      [
        0,
        0,
        0
      ],
      [
        0,
        0,
        0
      ]
    ]
  ]
}