{
  "aggregate_score": 0.7775403261184692,
  "ptm": 0.9281800985336304,
  "iptm": 0.7398803234100342,
  "per_chain_ptm": [
    [
      0.9223411679267883,
      0.6875271201133728,
      0.0
    ]
  ],
  "per_chain_pair_iptm": [
    [
      [
        0.9223411679267883,
        0.7283175587654114,
        0.13371680676937103
      ],
      [
        0.5858103036880493,
        0.6875271201133728,
        0.2545304298400879
      ],
      [
        0.0,
        0.0,
        0.0
      ]
    ]
  ],
  "has_inter_chain_clashes": false,
  "chain_chain_clashes": [
    [
      [
        0,
        0,
        0
      ],
      [
        0,
        0,
        0
      ],
      [
        0,
        0,
        0
      ]
    ]
  ]
}