{
  "aggregate_score": 0.5645239949226379,
  "ptm": 0.9106254577636719,
  "iptm": 0.47799861431121826,
  "per_chain_ptm": [
    [
      0.9243284463882446,
      0.6341461539268494,
      0.0
    ]
  ],
  "per_chain_pair_iptm": [
    [
      [
        0.9243284463882446,
        0.46011215448379517,
        0.11023568361997604
      ],
      [
        0.40929603576660156,
        0.6341461539268494,
        0.2361709624528885
      ],
      [
        0.0,
        0.0,
        0.0
      ]
    ]
  ],
  "has_inter_chain_clashes": false,
  "chain_chain_clashes": [
    [
      [
        0,
        0,
        0
      ],
      [
        0,
        0,
        0
      ],
      [
        0,
        0,
        0
      ]
    ]
  ]
}