{
  "aggregate_score": 0.5533824563026428,
  "ptm": 0.9100359082221985,
  "iptm": 0.4642190933227539,
  "per_chain_ptm": [
    [
      0.9231374263763428,
      0.61126708984375,
      0.0
    ]
  ],
  "per_chain_pair_iptm": [
    [
      [
        0.9231374263763428,
        0.44621729850769043,
        0.0974641814827919
      ],
      [
        0.38842689990997314,
        0.61126708984375,
        0.23156452178955078
      ],
      [
        0.0,
        0.0,
        0.0
      ]
    ]
  ],
  "has_inter_chain_clashes": false,
  "chain_chain_clashes": [
    [
      [
        0,
        0,
        0
      ],
      [
        0,
        0,
        0
      ],
      [
        0,
        0,
        0
      ]
    ]
  ]
}