{
  "aggregate_score": 0.5504123568534851,
  "ptm": 0.9094194173812866,
  "iptm": 0.4606606066226959,
  "per_chain_ptm": [
    [
      0.9226693511009216,
      0.614325761795044,
      0.0
    ]
  ],
  "per_chain_pair_iptm": [
    [
      [
        0.9226693511009216,
        0.44294849038124084,
        0.093077652156353
      ],
      [
        0.3877813220024109,
        0.614325761795044,
        0.2343733012676239
      ],
      [
        0.0,
        0.0,
        0.0
      ]
    ]
  ],
  "has_inter_chain_clashes": false,
  "chain_chain_clashes": [
    [
      [
        0,
        0,
        0
      ],
      [
        0,
        0,
        0
      ],
      [
        0,
        0,
        0
      ]
    ]
  ]
}