{
  "aggregate_score": 0.5463670492172241,
  "ptm": 0.909056544303894,
  "iptm": 0.45569467544555664,
  "per_chain_ptm": [
    [
      0.922666609287262,
      0.6130567789077759,
      0.0
    ]
  ],
  "per_chain_pair_iptm": [
    [
      [
        0.922666609287262,
        0.4378465712070465,
        0.09359744191169739
      ],
      [
        0.38342100381851196,
        0.6130567789077759,
        0.23517239093780518
      ],
      [
        0.0,
        0.0,
        0.0
      ]
    ]
  ],
  "has_inter_chain_clashes": false,
  "chain_chain_clashes": [
    [
      [
        0,
        0,
        0
      ],
      [
        0,
        0,
        0
      ],
      [
        0,
        0,
        0
      ]
    ]
  ]
}