{
  "aggregate_score": 0.5449343323707581,
  "ptm": 0.9087346792221069,
  "iptm": 0.45398420095443726,
  "per_chain_ptm": [
    [
      0.9222431182861328,
      0.6112396717071533,
      0.0
    ]
  ],
  "per_chain_pair_iptm": [
    [
      [
        0.9222431182861328,
        0.4358435273170471,
        0.09501399844884872
      ],
      [
        0.38250890374183655,
        0.6112396717071533,
        0.2303246408700943
      ],
      [
        0.0,
        0.0,
        0.0
      ]
    ]
  ],
  "has_inter_chain_clashes": false,
  "chain_chain_clashes": [
    [
      [
        0,
        0,
        0
      ],
      [
        0,
        0,
        0
      ],
      [
        0,
        0,
        0
      ]
    ]
  ]
}