{
  "aggregate_score": 0.5480310320854187,
  "ptm": 0.9093373417854309,
  "iptm": 0.45770442485809326,
  "per_chain_ptm": [
    [
      0.9229883551597595,
      0.6136546730995178,
      0.0
    ]
  ],
  "per_chain_pair_iptm": [
    [
      [
        0.9229883551597595,
        0.4398946762084961,
        0.09354005008935928
      ],
      [
        0.3838461637496948,
        0.6136546730995178,
        0.2295101135969162
      ],
      [
        0.0,
        0.0,
        0.0
      ]
    ]
  ],
  "has_inter_chain_clashes": false,
  "chain_chain_clashes": [
    [
      [
        0,
        0,
        0
      ],
      [
        0,
        0,
        0
      ],
      [
        0,
        0,
        0
      ]
    ]
  ]
}